Workbook

Sheet Grading System
A1: STUDENT NAME | B1: QUIZ 1 | C1: QUIZ 2 | D1: ASSIGNMENT | E1: EXAM | F1: TOTAL | G1: AVERAGE | H1: REMARKS
A2: Juan Dela Cruz | B2: 85 | C2: 90 | D2: 88 | E2: 92 | F2: =SUM(B2:E2) -> 355 | G2: =AVERAGE(B2:E2) -> 88.75 | H2: =IF(G2>=75,"Passed","Failed") -> Passed
A3: Maria Santos | B3: 78 | C3: 80 | D3: 79 | E3: 85 | F3: =SUM(B3:E3) -> 322 | G3: =AVERAGE(B3:E3) -> 80.5 | H3: =IF(G3>=75,"Passed","Failed") -> Passed
A4: Pedro Reyes | B4: 60 | C4: 65 | D4: 70 | E4: 68 | F4: =SUM(B4:E4) -> 263 | G4: =AVERAGE(B4:E4) -> 65.75 | H4: =IF(G4>=75,"Passed","Failed") -> Failed
A5: Ana Lopez | B5: 90 | C5: 92 | D5: 95 | E5: 94 | F5: =SUM(B5:E5) -> 371 | G5: =AVERAGE(B5:E5) -> 92.75 | H5: =IF(G5>=75,"Passed","Failed") -> Passed
A6: Mark Cruz | B6: 72 | C6: 74 | D6: 70 | E6: 73 | F6: =SUM(B6:E6) -> 289 | G6: =AVERAGE(B6:E6) -> 72.25 | H6: =IF(G6>=75,"Passed","Failed") -> Failed
A7: Liza Ramos | B7: 88 | C7: 85 | D7: 90 | E7: 87 | F7: =SUM(B7:E7) -> 350 | G7: =AVERAGE(B7:E7) -> 87.5 | H7: =IF(G7>=75,"Passed","Failed") -> Passed
A8: Carlo Diaz | B8: 67 | C8: 70 | D8: 65 | E8: 69 | F8: =SUM(B8:E8) -> 271 | G8: =AVERAGE(B8:E8) -> 67.75 | H8: =IF(G8>=75,"Passed","Failed") -> Failed
A9: Jenny Flores | B9: 95 | C9: 93 | D9: 96 | E9: 94 | F9: =SUM(B9:E9) -> 378 | G9: =AVERAGE(B9:E9) -> 94.5 | H9: =IF(G9>=75,"Passed","Failed") -> Passed
A10: Paolo Garcia | B10: 80 | C10: 82 | D10: 78 | E10: 81 | F10: =SUM(B10:E10) -> 321 | G10: =AVERAGE(B10:E10) -> 80.25 | H10: =IF(G10>=75,"Passed","Failed") -> Passed
A11: Nina Torres | B11: 74 | C11: 76 | D11: 75 | E11: 73 | F11: =SUM(B11:E11) -> 298 | G11: =AVERAGE(B11:E11) -> 74.5 | H11: =IF(G11>=75,"Passed","Failed") -> Failed

Sheet Quiz
A1: FOOD TRIVIA QUIZ
A2: NAME:
A3: Question | B3: Option A | C3: Option B | D3: Option C | E3: Option D | F3: Answer
A4: What was the first food grown in space? | B4: Potatoes | C4: Lettuce | D4: Spring onions | E4: Carrots
A5: Who are Reese's Cups named after? | B5: Milton Hershey | C5: Harry Burnett Reese | D5: Frank Mars | E5: John Cadbury
A6: What is the most popular flavor of ice cream worldwide? | B6: Chocolate | C6: Strawberry | D6: Vanilla | E6: Mint
A7: Which fruit is sometimes referred to as the 'alligator pear'? | B7: Mango | C7: Avocado | D7: Papaya | E7: Guava
A8: What is the most widely consumed meat? | B8: Chicken | C8: Pork | D8: Beef | E8: Lamb
A9: In which country was Hawaiian pizza actually invented? | B9: USA | C9: Italy | D9: Canada | E9: Australia
A10: Which country is ranked first in potato production? | B10: India | C10: Russia | D10: China | E10: USA
A11: What year was the chocolate chip cookie invented? | B11: 1925 | C11: 1938 | D11: 1945 | E11: 1952
A12: What type of gas is dissolved in water to make fizzy water, or seltzer? | B12: Oxygen | C12: Nitrogen | D12: Carbon Dioxide | E12: Hydrogen
A13: Which leafy salad green is a member of the sunflower family? | B13: Spinach | C13: Kale | D13: Lettuce | E13: Arugula
A14: What fruit is dried to make raisins? | B14: Apples | C14: Grapes | D14: Plums | E14: Berries
A15: What are the two main ingredients in eggnog? | B15: Cream and sugar | C15: Eggs and butter | D15: Raw eggs and milk | E15: Milk and chocolate
... A23: How many tablespoons are in a cup? | B23: 8 | C23: 12 | D23: 16 | E23: 20

Sheet Answer Key
A1: FOOD TRIVIA QUIZ | G1: SCORE | I1: PERCENTAGE
A2: =Quiz!A2 -> NAME: | G2: =COUNTIF(G4:G23,"1") -> 0 | I2: =G2/20 -> 0
A3: Question | B3: Option A | C3: Option B | D3: Option C | E3: Option D | F3: Answer
A4: What was the first food grown in space? | B4: Potatoes | C4: Lettuce | D4: Spring onions | E4: Carrots | F4: =Quiz!F4 -> 0 | G4: =IF(Quiz!F4="C","1","0") -> 0
A5: Who are Reese's Cups named after? | B5: Milton Hershey | C5: Harry Burnett Reese | D5: Frank Mars | E5: John Cadbury | F5: =Quiz!F5 -> 0 | G5: =IF(Quiz!F5="B","1","0") -> 0
A6: What is the most popular flavor of ice cream worldwide? | B6: Chocolate | C6: Strawberry | D6: Vanilla | E6: Mint | F6: =Quiz!F6 -> 0 | G6: =IF(Quiz!F6="C","1","0") -> 0
A7: Which fruit is sometimes referred to as the 'alligator pear'? | B7: Mango | C7: Avocado | D7: Papaya | E7: Guava | F7: =Quiz!F7 -> 0 | G7: =IF(Quiz!F7="B","1","0") -> 0
A8: What is the most widely consumed meat? | B8: Chicken | C8: Pork | D8: Beef | E8: Lamb | F8: =Quiz!F8 -> 0 | G8: =IF(Quiz!F8="C","1","0") -> 0
A9: In which country was Hawaiian pizza actually invented? | B9: USA | C9: Italy | D9: Canada | E9: Australia | F9: =Quiz!F9 -> 0 | G9: =IF(Quiz!F9="C","1","0") -> 0
A10: Which country is ranked first in potato production? | B10: India | C10: Russia | D10: China | E10: USA | F10: =Quiz!F10 -> 0 | G10: =IF(Quiz!F10="C","1","0") -> 0
A11: What year was the chocolate chip cookie invented? | B11: 1925 | C11: 1938 | D11: 1945 | E11: 1952 | F11: =Quiz!F11 -> 0 | G11: =IF(Quiz!F11="B","1","0") -> 0
A12: What type of gas is dissolved in water to make fizzy water, or seltzer? | B12: Oxygen | C12: Nitrogen | D12: Carbon Dioxide | E12: Hydrogen | F12: =Quiz!F12 -> 0 | G12: =IF(Quiz!F12="C","1","0") -> 0
A13: Which leafy salad green is a member of the sunflower family? | B13: Spinach | C13: Kale | D13: Lettuce | E13: Arugula | F13: =Quiz!F13 -> 0 | G13: =IF(Quiz!F13="C","1","0") -> 0
A14: What fruit is dried to make raisins? | B14: Apples | C14: Grapes | D14: Plums | E14: Berries | F14: =Quiz!F14 -> 0 | G14: =IF(Quiz!F14="B","1","0") -> 0
A15: What are the two main ingredients in eggnog? | B15: Cream and sugar | C15: Eggs and butter | D15: Raw eggs and milk | E15: Milk and chocolate | F15: =Quiz!F15 -> 0 | G15: =IF(Quiz!F15="C","1","0") -> 0
A16: What type of cookie is used to make decorated houses at Christmas? | B16: Sugar cookies | C16: Shortbread | D16: Gingerbread | E16: Oatmeal | F16: =Quiz!F16 -> 0 | G16: =IF(Quiz!F16="C","1","0") -> 0
A17: What is the base ingredient of gummy bears? | B17: Sugar | C17: Gelatin | D17: Corn syrup | E17: Fruit juice | F17: =Quiz!F17 -> 0 | G17: =IF(Quiz!F17="B","1","0") -> 0
A18: Which fruit is known as the 'king of fruits' and has a strong smell? | B18: Jackfruit | C18: Mango | D18: Durian | E18: Pineapple | F18: =Quiz!F18 -> 0 | G18: =IF(Quiz!F18="C","1","0") -> 0
A19: What's the most stolen grocery item? | B19: Chocolate | C19: Meat | D19: Cheese | E19: Coffee | F19: =Quiz!F19 -> 0 | G19: =IF(Quiz!F19="C","1","0") -> 0
A20: Arachibutyrophobia is the fear of what sticking to the roof of your mouth? | B20: Caramel | C20: Marshmallow | D20: Peanut butter | E20: Chocolate | F20: =Quiz!F20 -> 0 | G20: =IF(Quiz!F20="C","1","0") -> 0
A21: Which country drinks the most coffee per year (per person)? | B21: USA | C21: Brazil | D21: Finland | E21: Italy | F21: =Quiz!F21 -> 0 | G21: =IF(Quiz!F21="C","1","0") -> 0
A22: Which chocolate bar is the global bestseller? | B22: KitKat | C22: Mars | D22: Snickers | E22: Toblerone | F22: =Quiz!F22 -> 0 | G22: =IF(Quiz!F22="C","1","0") -> 0
A23: How many tablespoons are in a cup? | B23: 8 | C23: 12 | D23: 16 | E23: 20 | F23: =Quiz!F23 -> 0 | G23: =IF(Quiz!F23="C","1","0") -> 0
